Name,UID,Age,Gender,Zip_code
John Smith,1,27,0,2115
Jane Doe,2,41,2,2127
Alex Johnson,3,33,1,2115
Emily Davis,4,35,1,2127
Michael Brown,348,52,0,3126
Sarah Wilson,6,37,0,2115
David Clark,7,51,0,2129
Laura Lewis,8,37,1,2127
Chris Walker,9,60,0,2129
Anna Hall,10,27,0,2129
Matthew Allen,11,21,1,3126
Lisa Young,12,42,0,2228
Daniel King,527,42,1,3126
Sophia Wright,14,56,1,2115
James Scott,15,27,1,2115
Olivia Green,461,55,0,2129
Anthony Baker,17,54,1,2115
Emma Adams,18,46,0,2228
William Nelson,19,55,0,2129
Grace Hill,20,30,1,2127
Andrew Carter,21,47,1,2129
Ava Turner,22,46,0,2115
Joshua Phillips,23,45,0,2103
Mia Campbell,24,52,0,3126
Robert Parker,25,42,0,2115
Ella Evans,26,51,1,2129
Charles Edwards,27,56,0,2103
Chloe Collins,28,52,0,2129
Benjamin Stewart,29,45,0,3126
Lily Sanders,30,50,1,2103
Jacob Rogers,31,59,0,2129
Zoe Morris,32,47,1,2127
Ryan Perry,33,47,1,2103
Nora Powell,34,35,1,2127
Nathan Russell,35,60,1,2228
Megan Foster,36,21,0,3126
Jonathan Brooks,37,25,1,2127
Victoria Howard,38,49,1,2115
Samuel Ward,39,44,0,2127
Isabella Torres,40,26,0,2127
Thomas Peterson,41,23,0,2115
Charlotte Gray,42,33,0,3126
Joseph Ramirez,43,39,1,2228
Amelia Butler,44,28,1,2228
Brandon Murphy,45,26,0,2115
Scarlett Cox,46,46,0,2115
Steven Bailey,47,31,1,2228
Ruby Hayes,48,39,0,3126
Justin Price,49,27,1,2103
Luna Reed,50,50,0,2103
Paul Wood,51,23,1,2129
Sadie Richardson,52,48,0,2103
Adam Bryant,53,29,1,2103
Madison Bennett,54,56,1,2129
Kyle James,55,34,1,2228
Ellie Griffin,56,44,0,2115
Mark Henderson,57,33,2,2115
Leah Flores,58,37,1,2127
Tyler West,59,21,1,2228
Ariana Simmons,60,33,1,3126
Scott Coleman,61,47,0,3126
Alyssa Foster,62,33,0,3126
Dylan Morgan,63,51,0,2115
Hailey Russell,64,40,1,2127
Aaron Patterson,65,46,0,2115
Natalie Ward,66,35,0,2228
Jason Alexander,67,35,1,2115
Brooklyn Perry,68,48,0,2115
Kevin Hayes,69,35,0,2115
Samantha Hughes,70,23,1,2129
Eric Moore,71,42,0,2129
Penelope Collins,72,49,0,2115
Sean Kelly,73,40,0,2129
Mila Ramirez,74,45,0,3126
Austin Cooper,75,53,1,3126
Jasmine Lopez,76,44,1,2129
Ethan Carter,212,35,1,2228
Layla Watson,78,44,0,2115
Brendan Perry,79,40,1,2115
Aurora Bryant,80,43,1,3126
Brian Sullivan,81,26,0,3126
Bella Griffin,82,40,0,3126
Ian Simmons,83,48,0,2228
Claire Powell,84,59,0,2228
Jordan Rivera,85,55,1,2115
Vivian Peterson,86,34,1,2115
Carlos Morgan,87,28,0,2129
Skylar Roberts,88,39,1,2103
Luis Price,89,44,0,2115
Paisley Coleman,90,51,0,2127
Shawn Russell,91,23,1,2129
Naomi Brooks,92,34,0,2228
Zachary Simmons,93,47,1,2228
Harper Hayes,94,50,0,2228
Sean Moriarty,95,47,1,2127
Cora Richardson,96,35,0,3126
Logan Morris,97,39,0,2129
Ivy Long,98,32,0,2127
Mason Reed,99,26,0,2103
Josephine Watson,100,60,0,2127
Cameron Anderson,101,29,1,2127
Lydia Hughes,102,46,1,2115
Patrick Mitchell,103,60,0,3126
Sophie Butler,104,32,2,2228
Trevor Barnes,105,57,0,2115
Lucas Cooper,106,30,0,2129
Ella Moore,107,22,0,2103
Jack Harris,108,57,1,3126
Charlotte Moore,109,49,1,2127
Benjamin Fisher,110,43,1,2228
Maya Clarke,111,55,1,2129
Oliver Allen,112,36,0,2228
Liam Thomas,113,26,0,2115
Amelia Scott,114,25,0,2115
Jacob Hall,115,60,0,2127
Isabella Adams,116,30,0,2129
Michael Lee,117,54,0,2115
Harper Carter,118,33,1,2228
Alexander Garcia,119,29,0,3126
Ella Kim,120,36,1,2115
Zoe Evans,121,25,1,2127
James Davis,219,21,1,3126
Lily Turner,123,46,1,2115
Ethan Harris,124,31,0,2129
Grace Green,125,37,1,3126
Henry Williams,126,55,1,3126
Sophie Clark,217,50,1,2228
Mason Mitchell,128,46,0,2228
Charlotte Ross,129,50,0,2228
Madison Foster,130,56,0,2103
Nathaniel Garcia,131,24,1,2127
Zoe Lopez,132,29,0,2129
Emma Rivera,133,32,1,2115
Ryan King,134,51,0,2129
Olivia Perez,135,33,1,2115
Sophia Evans,136,48,0,3126
Isaiah Brown,137,23,0,2115
Mila Cooper,138,26,1,3126
Zachary Adams,139,60,0,2228
Nina Morgan,140,45,2,2228
Eli Davis,141,24,2,2103
Mason Walker,142,37,0,2127
Liam White,554,58,1,2228
Sophia Green,144,51,2,2127
Jacob Carter,145,58,0,2103
Ella Mitchell,174,34,1,2228
James Foster,147,45,1,2127
Isabelle Brown,148,59,0,2103
Caleb Johnson,149,33,1,3126
Amelia Robinson,150,56,0,2115
Liam Walker,194,59,0,2228
Grace Clark,152,43,0,2127
Benjamin Phillips,153,39,1,2129
Megan Smith,154,42,0,2129
Olivia Lewis,155,47,1,2103
Oliver Moore,156,34,1,2228
Ryan Adams,531,37,0,2129
Lily Davis,158,37,1,2127
Madison Harris,159,48,1,2129
Ethan Scott,242,27,0,2127
Charlotte Evans,161,51,1,2103
Sophie Wright,162,23,0,2127
Lucas Taylor,163,39,1,2127
Grace Wilson,164,55,1,2115
Olivia Mitchell,165,27,0,2115
James Cooper,166,31,0,2127
Sophia Reed,368,26,1,2127
Ava Phillips,168,53,1,2228
Ryan Peterson,169,60,0,3126
Mia Foster,171,50,1,2129
James Anderson,172,30,0,3126
Benjamin Ward,173,22,1,2129
Tyler Green,175,42,1,2228
Nora Hall,176,37,0,2115
Oliver Wright,177,27,0,2115
Sadie Clark,178,23,1,2127
Sophia Cooper,179,54,1,3126
Aiden Brooks,180,30,1,2115
Zoe Brown,422,50,1,3126
Caleb Carter,182,22,1,3126
James Miller,230,59,1,3126
Emma Ross,184,30,0,2228
Jack Hughes,185,60,0,2228
Jacob Price,186,52,1,2228
Amelia Evans,187,57,1,3126
William Phillips,536,58,0,2115
Nora Anderson,189,39,0,2228
Sophie Carter,190,54,1,2129
Megan Taylor,191,39,1,2115
Isabella Morgan,192,36,1,2129
Mia Powell,193,26,1,2127
Emma Hall,195,33,0,2228
Benjamin Wright,196,23,0,2103
Sarah White,197,34,1,3126
Olivia Scott,419,32,0,2129
Lucas Harris,199,26,1,2129
Charlotte Hughes,201,51,1,2127
James White,395,39,0,2228
Lucas Bennett,203,45,0,2127
Grace Lopez,204,33,1,2103
Mason Moore,205,40,1,2115
Caleb Taylor,206,51,0,2228
Sophie Brown,207,36,0,2127
Harper Anderson,208,42,1,3126
Benjamin Carter,209,48,1,2115
Olivia Harris,400,21,1,3126
Zachary Bennett,211,43,1,2127
Sophie Powell,213,34,1,2228
Amelia Morgan,214,47,0,3126
Mason Davis,215,43,1,3126
Lucas Foster,216,29,1,2127
Ella White,218,54,0,2103
Ava Harris,220,40,2,2103
Megan Walker,221,28,0,3126
Tyler Reed,222,48,1,2129
Isabella Foster,466,39,0,2228
Mia Wright,224,39,0,2127
Sophie White,225,52,1,2115
Madison Clark,226,45,1,2228
Nora Bennett,227,49,1,2103
Zoe Wilson,228,60,1,2129
Olivia White,229,29,2,2228
Isabella Carter,231,36,1,2103
Ethan Brown,232,51,1,2115
Ryan Clark,233,23,0,2129
Sophie Mitchell,234,50,0,3126
Lucas Powell,235,57,0,3126
Lily Foster,236,31,0,2115
Caleb Mitchell,237,57,0,3126
Tyler Taylor,238,56,2,2228
Isabella Ross,239,27,1,2127
James Walker,240,49,1,2228
Zoe Taylor,241,50,1,3126
Amelia Ward,428,33,1,3126
Megan Ward,429,57,1,2103
Grace Walker,430,58,0,3126
Ryan Davis,431,35,0,3126
Harper Scott,432,32,1,3126
Ava Ross,433,52,0,2129
Mia Ward,434,45,0,2127
Madison Cooper,435,37,0,3126
Sophie Walker,436,41,0,2103
Zachary White,437,43,0,3126
Lucas Davis,438,41,1,2115
Benjamin Ross,439,29,0,2103
Zoe Harris,440,28,1,3126
Liam Harris,441,28,1,3126
Megan Cooper,442,33,1,2127
Nora Ross,443,59,0,2127
Sophie Green,444,46,1,2127
Ava Davis,445,56,1,2103
Lucas Green,446,21,1,2228
Megan Scott,447,25,1,2129
Sophie Ross,448,46,1,3126
Isabella Taylor,449,25,2,2228
James Harris,450,32,1,2115
Ava Green,451,42,0,2129
Madison Reed,452,39,0,2127
Sophie Ward,453,27,1,2127
Lily Cooper,454,57,1,2129
Zoe Cooper,455,43,0,3126
Lucas Scott,456,55,1,2103
James Green,457,23,1,2103
Ethan Walker,458,43,1,2127
Zachary Harris,459,46,0,2127
Ryan White,460,40,1,2228
John Alexander,277,21,0,2127
Victoria Parker,278,32,0,2103
Evan Butler,279,55,2,2228
Grace Ward,394,27,1,2103
Matthew Morgan,281,33,1,2127
Natalie Torres,282,45,1,3126
Dylan Price,283,55,0,2129
Riley Reed,284,42,1,2103
Alyssa Walker,285,48,2,2228
Brian Sanders,286,25,0,2103
Rachel Flores,287,48,1,2127
Justin Davis,288,23,1,2228
Patrick Rivera,289,60,1,2228
Christina Moore,290,22,1,2103
Eric Baker,291,55,0,2228
Jasmine Howard,292,46,2,2103
Nathan Gray,293,21,0,2228
Ashley King,294,40,0,2115
Kevin Hughes,295,40,0,2228
Aaron Adams,296,45,2,2115
Samantha Peterson,297,48,1,2115
Gabriel Young,298,24,0,2228
Hannah Lewis,299,60,0,2115
Adam Scott,300,54,1,2127
Charlotte Roberts,301,48,0,2115
Kayla Perry,302,29,1,2127
Logan Bennett,303,55,0,2115
Ella Ward,304,24,1,2129
Zachary Nelson,305,28,1,2129
Madeline Brooks,306,39,1,2228
Connor Foster,307,55,1,2103
Aiden Mitchell,359,42,0,2103
Lucas Turner,309,49,0,2115
Megan Johnson,310,36,1,2129
Hailey Moore,311,34,1,2115
Daniel Martinez,312,45,1,2103
Sophie Johnson,313,41,0,2228
Evelyn White,314,44,0,2103
Cameron Adams,315,39,1,2127
Isaac Hall,316,49,2,2127
Alexandra Scott,317,42,0,2115
Christopher Lee,318,43,1,2103
Rebecca Carter,319,31,0,2127
Gabriella Brown,320,25,2,3126
Hunter Harris,321,42,0,2115
Alexis Thompson,322,24,0,2228
Anna Ramirez,323,37,1,2228
Tyler Jones,324,50,0,2103
Jessica Price,325,56,1,2129
Andrew Smith,326,51,1,2127
Natalie Clark,327,47,0,2127
Samuel Foster,328,27,1,3126
Rachel Green,329,60,1,3126
Ava Morris,330,22,0,2228
Sean Lewis,331,58,1,2127
Lily Brooks,332,39,1,2129
Benjamin Clark,333,22,1,2228
Hunter Brown,334,24,1,2115
Sophia Russell,335,47,1,2115
Grace Murphy,357,41,1,2127
Ella Bennett,337,43,0,2115
Emma Wilson,338,32,1,2129
Henry Martin,339,44,0,2103
Mason Johnson,340,33,1,2228
Liam Evans,341,28,0,2115
Olivia Cooper,342,44,1,2129
Avery Kelly,343,59,1,2103
Samuel Torres,344,34,0,2103
Nathan Parker,345,36,0,2228
Madeline Peterson,346,37,1,2228
Leah Hughes,347,33,1,2127
Sophia Hall,349,36,1,2103
Ryan Anderson,350,34,0,2129
Abigail Lopez,351,38,1,2228
Joshua White,352,33,1,2127
Chloe Hill,353,34,0,2127
William Martin,354,58,1,2228
Eleanor Foster,355,41,1,2127
Jacob Green,418,34,1,2228
Lucas Perez,358,26,0,2115
Charlotte Brooks,360,33,0,2115
Ella Davis,361,24,0,2127
David Lee,495,31,1,2127
Jessica Clark,363,28,1,2228
Daniel Robinson,364,23,2,3126
Mia Allen,365,46,1,2129
Megan Wright,366,22,1,2129
Jack Hill,367,42,1,2103
Alexander Brown,369,48,1,2115
Emily Adams,370,53,1,2103
Liam Foster,371,41,1,2129
Amelia Green,372,59,0,2115
Jacob Lopez,373,28,1,2115
Grace Moore,374,29,0,2129
Zachary Collins,375,42,1,2103
James Johnson,376,35,0,2127
Sophie Thomas,377,55,0,2103
Ethan Brooks,378,34,0,3126
Alexander Price,379,21,1,2228
Grace Brown,380,51,0,2129
Mia Scott,381,26,0,2228
Nathan Robinson,382,53,0,3126
Charlotte Mitchell,383,31,0,2115
Lucas Moore,384,57,1,2103
Megan Carter,385,38,1,2127
Zoe Johnson,386,35,1,2129
Ethan Green,387,49,0,2127
Aiden Parker,388,40,0,2103
Olivia Hill,389,33,0,2127
Isabella Lewis,390,21,0,3126
Ryan Thompson,391,24,1,3126
Ella Walker,392,28,0,2103
Alexander Peterson,393,42,0,3126
Samantha Green,396,36,0,2103
Michael Lopez,397,38,1,2103
Megan Lewis,398,23,1,2103
Ryan Cooper,399,43,1,2228
Sophia Clark,401,46,1,3126
Mason Martin,402,45,0,3126
Ethan Bennett,404,32,2,2115
Liam Brown,405,34,1,2115
Amelia Russell,406,41,0,2129
Madison White,407,37,0,2103
James Peterson,408,41,1,2129
Ella Martin,409,47,2,2129
Charlotte Parker,410,33,1,3126
Olivia Adams,411,25,1,2127
Grace Lewis,412,40,1,2127
Alexander Thomas,413,40,1,2127
Sophie Bennett,414,21,0,3126
Ava Foster,415,58,1,2103
Madison Lopez,416,31,1,2115
Liam Johnson,417,29,1,2115
Ethan Moore,420,49,1,2103
Charlotte Lewis,421,36,0,3126
Ryan Hall,423,29,1,2127
Madeline Harris,424,31,0,2103
Ella Clark,425,46,0,2127
Jacob White,426,22,0,3126
James Evans,427,22,1,2127
Daniel Cooper,462,54,0,2127
Mia Morgan,463,22,1,2228
Sophia Kelly,464,41,1,2115
Oliver Walker,465,22,1,2115
Noah Carter,467,57,1,2228
Charlotte Rivera,468,58,0,2228
Jackson Phillips,469,24,1,2127
Amelia Harris,470,22,0,2127
Emma White,471,30,0,2129
James Lewis,472,40,1,3126
Sophie Ramirez,473,27,0,3126
Henry Baker,474,22,1,2129
Liam Torres,475,59,0,2103
Natalie Young,476,52,1,2228
Caleb Moore,477,35,0,2129
Grace Russell,478,40,1,2228
Lucas Mitchell,479,53,1,2127
Hannah Evans,480,44,1,2127
Benjamin Thomas,481,51,0,2115
Ava Johnson,482,50,0,2127
Ethan Clark,483,50,1,2115
Megan Robinson,484,54,0,2228
Jacob Martin,485,57,1,3126
Lily Allen,486,53,0,2127
William Brown,487,39,2,2228
Madeline Walker,488,55,0,2129
Samantha Murphy,489,57,0,2129
Ryan Young,490,30,1,2228
Alyssa Baker,491,32,1,2127
Charlotte Green,492,53,1,3126
Jack Nelson,493,26,0,2228
Emma Parker,494,33,0,2127
Sophie Campbell,496,56,1,3126
Tyler Hill,497,42,0,2115
Nora Roberts,498,28,1,2129
Oliver Scott,499,60,1,2129
Samantha King,500,34,0,2127
Michael Bennett,501,30,1,2129
Ella Adams,502,23,0,2228
Joshua Brooks,503,45,0,2228
Grace Flores,504,31,1,2127
Natalie Harris,505,43,0,2115
Liam Fisher,506,52,1,2103
Mason Brown,507,56,1,2129
Olivia Hughes,508,24,1,2127
Lucas Gray,509,39,0,3126
Chloe Peterson,510,44,0,3126
Daniel Foster,511,38,1,2127
Victoria Perez,512,60,1,2228
Ethan Taylor,513,48,1,3126
Sophie Martinez,514,43,0,3126
Jacob Sanders,515,26,1,2127
Madison Hall,516,28,1,3126
Alexander Carter,517,25,1,2228
Emily Brooks,518,45,0,2127
Charlotte Collins,519,56,0,2115
Matthew Stewart,520,36,1,3126
Olivia Powell,521,48,0,2115
Mia Bryant,522,44,0,2129
Benjamin Evans,523,49,1,2115
Isabella Hughes,524,39,1,2103
James Ross,525,50,1,3126
Harper Murphy,526,32,1,2228
Zachary Long,528,31,0,3126
Grace Howard,529,55,0,2127
Samantha Price,530,27,1,2129
Sarah Thomas,532,37,0,2129
Noah Walker,533,27,1,2129
Charlotte Harris,534,54,2,2129
Ella Gray,535,60,1,2103
Avery Thompson,537,47,1,2127
Grace Davis,538,28,1,2115
Mason White,539,34,1,2228
Zoe Kelly,540,58,2,2127
Isaac Parker,541,50,1,2115
Chloe Lewis,542,48,1,2115
Olivia Robinson,543,29,1,3126
Alexander Hall,544,23,2,2129
Sophia Ward,545,25,0,2103
Matthew Anderson,546,41,1,2103
Emma Thompson,547,51,1,2228
Benjamin Russell,548,48,0,2127
Madeline Carter,549,34,0,2103
Sophie Adams,550,50,0,2228
Ryan Lee,551,54,1,3126
Victoria Foster,552,28,1,2228
Caleb Green,553,42,1,3126
Amelia Brooks,555,35,0,2103
James Mitchell,556,59,1,2103
Ava Hall,557,29,0,2103
Daniel Garcia,558,59,0,2115
Mia Moore,559,26,0,2115
Emily Nelson,560,53,1,2127
Michael King,561,27,0,2228
Sophie Fisher,562,54,1,3126
